givenName,surname,birthdate
Gavin,Tyra,11/25/12
Zachary,Danso,8/17/09
Ethan,Balls,7/6/14
Justin,Otis,12/25/12
Mitchel,Elliott,1/3/10
Daniel,Ririe,7/24/10
Dawson,Tomlinson,6/12/13
Carolina,Rowley,3/22/14
Ryan,Knudson,8/7/10
Manoel,Gonzalez,1/10/14
Thomas,Cantarero,8/17/11
Alexander,Bingham,1/30/15
Cody,Gjoni,1/14/08
Tyler,Moreira,10/16/09
Camron,Jensen,3/1/15
Lora,de Jong,8/3/14
Giuliana,Child,12/9/14
Benjamin,Rojas,12/24/10
Jonathan,Hibbert,4/9/12
Lora,Tuckett,9/4/14
Joshua,Bingham,5/22/15
Krystiane,Cornelius,8/5/13
Dylan,Bradford,10/11/08
Raymond,Cooper,9/28/14
Chase,McGettigan,10/7/11
Bryson,Cheuk,3/21/15
Aoi,Lee,2/22/09
Joshua,Bringhurst,7/18/11
Amarsanaa,Cromar,7/15/10
Camdon,Radke,1/31/09
Curtis,Loveridge,1/14/11
Kaden,Potter,2/21/13
Chase,Grecco,6/18/15
Robert,Vasiuk,10/20/10
Ammon,Reeder,11/22/14
Daniel,Carroll,3/17/12
Tyler,Gubler,10/1/12
Jonah,Skinner,9/18/10
Matthew,Knutzen,9/16/13
Crescencio,Burke,10/26/13
Carl,Smith,6/14/15
Garrett,McMullens,4/22/11
Jacob,Ortiz,2/4/09
Jonathan,Weatherston,12/30/13
Aidan,Havens,8/12/14
Adam,Chase,8/4/09
Joshua,Vredenburg,5/22/10
Jakob,Moore,8/9/08
Chih-Yang,Olson,12/23/08
Tanner,McAllister,2/13/09
Trevor,Johnson,11/19/09
Cierra,Mikami,10/30/13
Star,Resendiz,12/19/11
John,Tsuchiya,6/30/10
Nathan,Johnson,3/3/13
Caleb,Aitchison,10/3/11
Spencer,Duffin,2/26/10
Shiekahadd,Autran,3/22/12
Emmanuel,Johnson,9/6/10
Marco,Zeng,6/25/09
Colton,Kent,2/25/09
Brody,Wilson,10/29/13
Jefferson,Brush,7/30/10
Cristians,Cannon,10/28/10
Christopher,Beck,8/12/12
Ryan,Bishop,11/10/14
Christopher,Johnson,4/27/11
Daniel,Rowley,10/16/09
Jonathan,Martell,8/25/11
Jared,Jacobs,10/18/13
Spencer,Biziyabal,7/9/09
Juan,Miller,6/7/12
Jordan,White,6/16/12
Kaleb,Young,6/7/12
Nathan,Bowman,1/7/14
Steven,Bond,12/28/13
Kjellden,Merrell,11/3/09
Christian,White,1/9/15
Chaim,Coglianese,11/14/09
Dallin,Brown,12/17/13
Raquel,White,5/14/10
Jason,Smith,11/21/09
Ernest,Adams,5/15/13
Aranza,Billman,12/8/12
Noah,Flora,3/5/11
Madison,Russell,8/30/12
Julia,Sorenson,12/26/10
Andrea,Omokoh,11/8/14
Virginia,Banta,10/11/10
Melissa,Littlefield,7/21/09
Louis,Littlefield,10/21/13
Diana,Brooks,10/26/12
Joyce,Cox,7/30/14
Wayne,Orchard,2/16/10
Gregory,Kofford,7/22/11
Richard,Ali,5/29/13
Jack,Reynolds,12/3/13
Deborah,Davison,5/10/12
Larry,Omokoh,3/16/11
Nancy,Moore,8/2/14